rate_id,client_id,distance_from_km,distance_to_km,weight_from_tons,weight_to_tons,rate_uah_per_ton_km,valid_from,valid_to
RAT-0001,CLT-01,0,150,15,18,2.930,2022-07-01,2022-09-30
RAT-0002,CLT-01,0,150,18,22,2.693,2022-07-01,2022-09-30
RAT-0003,CLT-01,0,150,22,30,2.754,2022-07-01,2022-09-30
RAT-0004,CLT-01,150,300,15,18,2.515,2022-07-01,2022-09-30
RAT-0005,CLT-01,150,300,18,22,2.447,2022-07-01,2022-09-30
RAT-0006,CLT-01,150,300,22,30,2.401,2022-07-01,2022-09-30
RAT-0007,CLT-01,300,500,15,18,2.453,2022-07-01,2022-09-30
RAT-0008,CLT-01,300,500,18,22,2.181,2022-07-01,2022-09-30
RAT-0009,CLT-01,300,500,22,30,2.079,2022-07-01,2022-09-30
RAT-0010,CLT-01,500,9999,15,18,2.287,2022-07-01,2022-09-30
RAT-0011,CLT-01,500,9999,18,22,2.146,2022-07-01,2022-09-30
RAT-0012,CLT-01,500,9999,22,30,1.995,2022-07-01,2022-09-30
RAT-0013,CLT-01,0,150,15,18,2.486,2022-10-01,2022-12-31
RAT-0014,CLT-01,0,150,18,22,2.307,2022-10-01,2022-12-31
RAT-0015,CLT-01,0,150,22,30,2.168,2022-10-01,2022-12-31
RAT-0016,CLT-01,150,300,15,18,2.223,2022-10-01,2022-12-31
RAT-0017,CLT-01,150,300,18,22,2.167,2022-10-01,2022-12-31
RAT-0018,CLT-01,150,300,22,30,2.019,2022-10-01,2022-12-31
RAT-0019,CLT-01,300,500,15,18,1.929,2022-10-01,2022-12-31
RAT-0020,CLT-01,300,500,18,22,1.989,2022-10-01,2022-12-31
RAT-0021,CLT-01,300,500,22,30,1.870,2022-10-01,2022-12-31
RAT-0022,CLT-01,500,9999,15,18,1.955,2022-10-01,2022-12-31
RAT-0023,CLT-01,500,9999,18,22,1.772,2022-10-01,2022-12-31
RAT-0024,CLT-01,500,9999,22,30,1.675,2022-10-01,2022-12-31
RAT-0025,CLT-01,0,150,15,18,2.664,2023-01-01,2023-06-30
RAT-0026,CLT-01,0,150,18,22,2.463,2023-01-01,2023-06-30
RAT-0027,CLT-01,0,150,22,30,2.545,2023-01-01,2023-06-30
RAT-0028,CLT-01,150,300,15,18,2.531,2023-01-01,2023-06-30
RAT-0029,CLT-01,150,300,18,22,2.433,2023-01-01,2023-06-30
RAT-0030,CLT-01,150,300,22,30,2.280,2023-01-01,2023-06-30
RAT-0031,CLT-01,300,500,15,18,2.249,2023-01-01,2023-06-30
RAT-0032,CLT-01,300,500,18,22,2.061,2023-01-01,2023-06-30
RAT-0033,CLT-01,300,500,22,30,2.068,2023-01-01,2023-06-30
RAT-0034,CLT-01,500,9999,15,18,2.205,2023-01-01,2023-06-30
RAT-0035,CLT-01,500,9999,18,22,2.019,2023-01-01,2023-06-30
RAT-0036,CLT-01,500,9999,22,30,1.858,2023-01-01,2023-06-30
RAT-0037,CLT-01,0,150,15,18,3.258,2023-07-01,2023-09-30
RAT-0038,CLT-01,0,150,18,22,2.996,2023-07-01,2023-09-30
RAT-0039,CLT-01,0,150,22,30,3.114,2023-07-01,2023-09-30
RAT-0040,CLT-01,150,300,15,18,3.089,2023-07-01,2023-09-30
RAT-0041,CLT-01,150,300,18,22,2.897,2023-07-01,2023-09-30
RAT-0042,CLT-01,150,300,22,30,2.684,2023-07-01,2023-09-30
RAT-0043,CLT-01,300,500,15,18,2.686,2023-07-01,2023-09-30
RAT-0044,CLT-01,300,500,18,22,2.467,2023-07-01,2023-09-30
RAT-0045,CLT-01,300,500,22,30,2.411,2023-07-01,2023-09-30
RAT-0046,CLT-01,500,9999,15,18,2.675,2023-07-01,2023-09-30
RAT-0047,CLT-01,500,9999,18,22,2.488,2023-07-01,2023-09-30
RAT-0048,CLT-01,500,9999,22,30,2.232,2023-07-01,2023-09-30
RAT-0049,CLT-01,0,150,15,18,2.758,2023-10-01,2023-12-31
RAT-0050,CLT-01,0,150,18,22,2.679,2023-10-01,2023-12-31
RAT-0051,CLT-01,0,150,22,30,2.449,2023-10-01,2023-12-31
RAT-0052,CLT-01,150,300,15,18,2.602,2023-10-01,2023-12-31
RAT-0053,CLT-01,150,300,18,22,2.461,2023-10-01,2023-12-31
RAT-0054,CLT-01,150,300,22,30,2.390,2023-10-01,2023-12-31
RAT-0055,CLT-01,300,500,15,18,2.315,2023-10-01,2023-12-31
RAT-0056,CLT-01,300,500,18,22,2.120,2023-10-01,2023-12-31
RAT-0057,CLT-01,300,500,22,30,2.131,2023-10-01,2023-12-31
RAT-0058,CLT-01,500,9999,15,18,2.287,2023-10-01,2023-12-31
RAT-0059,CLT-01,500,9999,18,22,2.002,2023-10-01,2023-12-31
RAT-0060,CLT-01,500,9999,22,30,1.972,2023-10-01,2023-12-31
RAT-0061,CLT-01,0,150,15,18,2.961,2024-01-01,2024-06-30
RAT-0062,CLT-01,0,150,18,22,2.882,2024-01-01,2024-06-30
RAT-0063,CLT-01,0,150,22,30,2.759,2024-01-01,2024-06-30
RAT-0064,CLT-01,150,300,15,18,2.699,2024-01-01,2024-06-30
RAT-0065,CLT-01,150,300,18,22,2.516,2024-01-01,2024-06-30
RAT-0066,CLT-01,150,300,22,30,2.411,2024-01-01,2024-06-30
RAT-0067,CLT-01,300,500,15,18,2.363,2024-01-01,2024-06-30
RAT-0068,CLT-01,300,500,18,22,2.318,2024-01-01,2024-06-30
RAT-0069,CLT-01,300,500,22,30,2.143,2024-01-01,2024-06-30
RAT-0070,CLT-01,500,9999,15,18,2.356,2024-01-01,2024-06-30
RAT-0071,CLT-01,500,9999,18,22,2.133,2024-01-01,2024-06-30
RAT-0072,CLT-01,500,9999,22,30,1.984,2024-01-01,2024-06-30
RAT-0073,CLT-01,0,150,15,18,3.132,2024-07-01,2024-09-30
RAT-0074,CLT-01,0,150,18,22,2.930,2024-07-01,2024-09-30
RAT-0075,CLT-01,0,150,22,30,2.973,2024-07-01,2024-09-30
RAT-0076,CLT-01,150,300,15,18,2.967,2024-07-01,2024-09-30
RAT-0077,CLT-01,150,300,18,22,2.623,2024-07-01,2024-09-30
RAT-0078,CLT-01,150,300,22,30,2.693,2024-07-01,2024-09-30
RAT-0079,CLT-01,300,500,15,18,2.551,2024-07-01,2024-09-30
RAT-0080,CLT-01,300,500,18,22,2.437,2024-07-01,2024-09-30
RAT-0081,CLT-01,300,500,22,30,2.312,2024-07-01,2024-09-30
RAT-0082,CLT-01,500,9999,15,18,2.489,2024-07-01,2024-09-30
RAT-0083,CLT-01,500,9999,18,22,2.399,2024-07-01,2024-09-30
RAT-0084,CLT-01,500,9999,22,30,2.224,2024-07-01,2024-09-30
RAT-0085,CLT-01,0,150,15,18,2.951,2024-10-01,2024-10-31
RAT-0086,CLT-01,0,150,18,22,2.788,2024-10-01,2024-10-31
RAT-0087,CLT-01,0,150,22,30,2.727,2024-10-01,2024-10-31
RAT-0088,CLT-01,150,300,15,18,2.755,2024-10-01,2024-10-31
RAT-0089,CLT-01,150,300,18,22,2.509,2024-10-01,2024-10-31
RAT-0090,CLT-01,150,300,22,30,2.319,2024-10-01,2024-10-31
RAT-0091,CLT-01,300,500,15,18,2.401,2024-10-01,2024-10-31
RAT-0092,CLT-01,300,500,18,22,2.277,2024-10-01,2024-10-31
RAT-0093,CLT-01,300,500,22,30,2.100,2024-10-01,2024-10-31
RAT-0094,CLT-01,500,9999,15,18,2.321,2024-10-01,2024-10-31
RAT-0095,CLT-01,500,9999,18,22,2.130,2024-10-01,2024-10-31
RAT-0096,CLT-01,500,9999,22,30,2.034,2024-10-01,2024-10-31
RAT-0097,CLT-02,0,150,15,18,2.642,2022-07-01,2022-09-30
RAT-0098,CLT-02,0,150,18,22,2.289,2022-07-01,2022-09-30
RAT-0099,CLT-02,0,150,22,30,2.336,2022-07-01,2022-09-30
RAT-0100,CLT-02,150,300,15,18,2.323,2022-07-01,2022-09-30
RAT-0101,CLT-02,150,300,18,22,2.053,2022-07-01,2022-09-30
RAT-0102,CLT-02,150,300,22,30,2.100,2022-07-01,2022-09-30
RAT-0103,CLT-02,300,500,15,18,2.139,2022-07-01,2022-09-30
RAT-0104,CLT-02,300,500,18,22,1.905,2022-07-01,2022-09-30
RAT-0105,CLT-02,300,500,22,30,1.830,2022-07-01,2022-09-30
RAT-0106,CLT-02,500,9999,15,18,1.978,2022-07-01,2022-09-30
RAT-0107,CLT-02,500,9999,18,22,1.797,2022-07-01,2022-09-30
RAT-0108,CLT-02,500,9999,22,30,1.714,2022-07-01,2022-09-30
RAT-0109,CLT-02,0,150,15,18,2.152,2022-10-01,2022-12-31
RAT-0110,CLT-02,0,150,18,22,2.106,2022-10-01,2022-12-31
RAT-0111,CLT-02,0,150,22,30,1.867,2022-10-01,2022-12-31
RAT-0112,CLT-02,150,300,15,18,2.000,2022-10-01,2022-12-31
RAT-0113,CLT-02,150,300,18,22,1.885,2022-10-01,2022-12-31
RAT-0114,CLT-02,150,300,22,30,1.670,2022-10-01,2022-12-31
RAT-0115,CLT-02,300,500,15,18,1.787,2022-10-01,2022-12-31
RAT-0116,CLT-02,300,500,18,22,1.687,2022-10-01,2022-12-31
RAT-0117,CLT-02,300,500,22,30,1.522,2022-10-01,2022-12-31
RAT-0118,CLT-02,500,9999,15,18,1.602,2022-10-01,2022-12-31
RAT-0119,CLT-02,500,9999,18,22,1.620,2022-10-01,2022-12-31
RAT-0120,CLT-02,500,9999,22,30,1.460,2022-10-01,2022-12-31
RAT-0121,CLT-02,0,150,15,18,2.397,2023-01-01,2023-06-30
RAT-0122,CLT-02,0,150,18,22,2.269,2023-01-01,2023-06-30
RAT-0123,CLT-02,0,150,22,30,2.264,2023-01-01,2023-06-30
RAT-0124,CLT-02,150,300,15,18,2.260,2023-01-01,2023-06-30
RAT-0125,CLT-02,150,300,18,22,1.970,2023-01-01,2023-06-30
RAT-0126,CLT-02,150,300,22,30,1.852,2023-01-01,2023-06-30
RAT-0127,CLT-02,300,500,15,18,1.950,2023-01-01,2023-06-30
RAT-0128,CLT-02,300,500,18,22,1.962,2023-01-01,2023-06-30
RAT-0129,CLT-02,300,500,22,30,1.843,2023-01-01,2023-06-30
RAT-0130,CLT-02,500,9999,15,18,1.830,2023-01-01,2023-06-30
RAT-0131,CLT-02,500,9999,18,22,1.804,2023-01-01,2023-06-30
RAT-0132,CLT-02,500,9999,22,30,1.719,2023-01-01,2023-06-30
RAT-0133,CLT-02,0,150,15,18,2.976,2023-07-01,2023-09-30
RAT-0134,CLT-02,0,150,18,22,2.764,2023-07-01,2023-09-30
RAT-0135,CLT-02,0,150,22,30,2.610,2023-07-01,2023-09-30
RAT-0136,CLT-02,150,300,15,18,2.519,2023-07-01,2023-09-30
RAT-0137,CLT-02,150,300,18,22,2.370,2023-07-01,2023-09-30
RAT-0138,CLT-02,150,300,22,30,2.229,2023-07-01,2023-09-30
RAT-0139,CLT-02,300,500,15,18,2.414,2023-07-01,2023-09-30
RAT-0140,CLT-02,300,500,18,22,2.152,2023-07-01,2023-09-30
RAT-0141,CLT-02,300,500,22,30,2.104,2023-07-01,2023-09-30
RAT-0142,CLT-02,500,9999,15,18,2.137,2023-07-01,2023-09-30
RAT-0143,CLT-02,500,9999,18,22,2.112,2023-07-01,2023-09-30
RAT-0144,CLT-02,500,9999,22,30,2.094,2023-07-01,2023-09-30
RAT-0145,CLT-02,0,150,15,18,2.492,2023-10-01,2023-12-31
RAT-0146,CLT-02,0,150,18,22,2.231,2023-10-01,2023-12-31
RAT-0147,CLT-02,0,150,22,30,2.244,2023-10-01,2023-12-31
RAT-0148,CLT-02,150,300,15,18,2.309,2023-10-01,2023-12-31
RAT-0149,CLT-02,150,300,18,22,2.003,2023-10-01,2023-12-31
RAT-0150,CLT-02,150,300,22,30,1.915,2023-10-01,2023-12-31
RAT-0151,CLT-02,300,500,15,18,2.097,2023-10-01,2023-12-31
RAT-0152,CLT-02,300,500,18,22,1.913,2023-10-01,2023-12-31
RAT-0153,CLT-02,300,500,22,30,1.921,2023-10-01,2023-12-31
RAT-0154,CLT-02,500,9999,15,18,1.934,2023-10-01,2023-12-31
RAT-0155,CLT-02,500,9999,18,22,1.831,2023-10-01,2023-12-31
RAT-0156,CLT-02,500,9999,22,30,1.646,2023-10-01,2023-12-31
RAT-0157,CLT-02,0,150,15,18,2.463,2024-01-01,2024-06-30
RAT-0158,CLT-02,0,150,18,22,2.454,2024-01-01,2024-06-30
RAT-0159,CLT-02,0,150,22,30,2.336,2024-01-01,2024-06-30
RAT-0160,CLT-02,150,300,15,18,2.266,2024-01-01,2024-06-30
RAT-0161,CLT-02,150,300,18,22,2.114,2024-01-01,2024-06-30
RAT-0162,CLT-02,150,300,22,30,2.106,2024-01-01,2024-06-30
RAT-0163,CLT-02,300,500,15,18,2.055,2024-01-01,2024-06-30
RAT-0164,CLT-02,300,500,18,22,1.952,2024-01-01,2024-06-30
RAT-0165,CLT-02,300,500,22,30,1.834,2024-01-01,2024-06-30
RAT-0166,CLT-02,500,9999,15,18,2.016,2024-01-01,2024-06-30
RAT-0167,CLT-02,500,9999,18,22,1.872,2024-01-01,2024-06-30
RAT-0168,CLT-02,500,9999,22,30,1.862,2024-01-01,2024-06-30
RAT-0169,CLT-02,0,150,15,18,2.998,2024-07-01,2024-09-30
RAT-0170,CLT-02,0,150,18,22,2.567,2024-07-01,2024-09-30
RAT-0171,CLT-02,0,150,22,30,2.625,2024-07-01,2024-09-30
RAT-0172,CLT-02,150,300,15,18,2.596,2024-07-01,2024-09-30
RAT-0173,CLT-02,150,300,18,22,2.324,2024-07-01,2024-09-30
RAT-0174,CLT-02,150,300,22,30,2.323,2024-07-01,2024-09-30
RAT-0175,CLT-02,300,500,15,18,2.342,2024-07-01,2024-09-30
RAT-0176,CLT-02,300,500,18,22,2.152,2024-07-01,2024-09-30
RAT-0177,CLT-02,300,500,22,30,2.096,2024-07-01,2024-09-30
RAT-0178,CLT-02,500,9999,15,18,2.125,2024-07-01,2024-09-30
RAT-0179,CLT-02,500,9999,18,22,2.048,2024-07-01,2024-09-30
RAT-0180,CLT-02,500,9999,22,30,1.952,2024-07-01,2024-09-30
RAT-0181,CLT-02,0,150,15,18,2.576,2024-10-01,2024-10-31
RAT-0182,CLT-02,0,150,18,22,2.447,2024-10-01,2024-10-31
RAT-0183,CLT-02,0,150,22,30,2.294,2024-10-01,2024-10-31
RAT-0184,CLT-02,150,300,15,18,2.441,2024-10-01,2024-10-31
RAT-0185,CLT-02,150,300,18,22,2.251,2024-10-01,2024-10-31
RAT-0186,CLT-02,150,300,22,30,2.094,2024-10-01,2024-10-31
RAT-0187,CLT-02,300,500,15,18,2.147,2024-10-01,2024-10-31
RAT-0188,CLT-02,300,500,18,22,2.027,2024-10-01,2024-10-31
RAT-0189,CLT-02,300,500,22,30,2.003,2024-10-01,2024-10-31
RAT-0190,CLT-02,500,9999,15,18,1.925,2024-10-01,2024-10-31
RAT-0191,CLT-02,500,9999,18,22,1.968,2024-10-01,2024-10-31
RAT-0192,CLT-02,500,9999,22,30,1.758,2024-10-01,2024-10-31
RAT-0193,CLT-03,0,150,15,18,2.595,2022-07-01,2022-09-30
RAT-0194,CLT-03,0,150,18,22,2.404,2022-07-01,2022-09-30
RAT-0195,CLT-03,0,150,22,30,2.177,2022-07-01,2022-09-30
RAT-0196,CLT-03,150,300,15,18,2.194,2022-07-01,2022-09-30
RAT-0197,CLT-03,150,300,18,22,2.044,2022-07-01,2022-09-30
RAT-0198,CLT-03,150,300,22,30,1.981,2022-07-01,2022-09-30
RAT-0199,CLT-03,300,500,15,18,2.073,2022-07-01,2022-09-30
RAT-0200,CLT-03,300,500,18,22,2.011,2022-07-01,2022-09-30
RAT-0201,CLT-03,300,500,22,30,1.851,2022-07-01,2022-09-30
RAT-0202,CLT-03,500,9999,15,18,1.883,2022-07-01,2022-09-30
RAT-0203,CLT-03,500,9999,18,22,1.902,2022-07-01,2022-09-30
RAT-0204,CLT-03,500,9999,22,30,1.657,2022-07-01,2022-09-30
RAT-0205,CLT-03,0,150,15,18,2.145,2022-10-01,2022-12-31
RAT-0206,CLT-03,0,150,18,22,2.055,2022-10-01,2022-12-31
RAT-0207,CLT-03,0,150,22,30,1.824,2022-10-01,2022-12-31
RAT-0208,CLT-03,150,300,15,18,1.870,2022-10-01,2022-12-31
RAT-0209,CLT-03,150,300,18,22,1.718,2022-10-01,2022-12-31
RAT-0210,CLT-03,150,300,22,30,1.787,2022-10-01,2022-12-31
RAT-0211,CLT-03,300,500,15,18,1.666,2022-10-01,2022-12-31
RAT-0212,CLT-03,300,500,18,22,1.637,2022-10-01,2022-12-31
RAT-0213,CLT-03,300,500,22,30,1.600,2022-10-01,2022-12-31
RAT-0214,CLT-03,500,9999,15,18,1.647,2022-10-01,2022-12-31
RAT-0215,CLT-03,500,9999,18,22,1.488,2022-10-01,2022-12-31
RAT-0216,CLT-03,500,9999,22,30,1.535,2022-10-01,2022-12-31
RAT-0217,CLT-03,0,150,15,18,2.416,2023-01-01,2023-06-30
RAT-0218,CLT-03,0,150,18,22,2.150,2023-01-01,2023-06-30
RAT-0219,CLT-03,0,150,22,30,2.041,2023-01-01,2023-06-30
RAT-0220,CLT-03,150,300,15,18,2.101,2023-01-01,2023-06-30
RAT-0221,CLT-03,150,300,18,22,2.008,2023-01-01,2023-06-30
RAT-0222,CLT-03,150,300,22,30,1.896,2023-01-01,2023-06-30
RAT-0223,CLT-03,300,500,15,18,1.843,2023-01-01,2023-06-30
RAT-0224,CLT-03,300,500,18,22,1.819,2023-01-01,2023-06-30
RAT-0225,CLT-03,300,500,22,30,1.832,2023-01-01,2023-06-30
RAT-0226,CLT-03,500,9999,15,18,1.920,2023-01-01,2023-06-30
RAT-0227,CLT-03,500,9999,18,22,1.654,2023-01-01,2023-06-30
RAT-0228,CLT-03,500,9999,22,30,1.623,2023-01-01,2023-06-30
RAT-0229,CLT-03,0,150,15,18,2.888,2023-07-01,2023-09-30
RAT-0230,CLT-03,0,150,18,22,2.710,2023-07-01,2023-09-30
RAT-0231,CLT-03,0,150,22,30,2.523,2023-07-01,2023-09-30
RAT-0232,CLT-03,150,300,15,18,2.563,2023-07-01,2023-09-30
RAT-0233,CLT-03,150,300,18,22,2.480,2023-07-01,2023-09-30
RAT-0234,CLT-03,150,300,22,30,2.393,2023-07-01,2023-09-30
RAT-0235,CLT-03,300,500,15,18,2.369,2023-07-01,2023-09-30
RAT-0236,CLT-03,300,500,18,22,2.300,2023-07-01,2023-09-30
RAT-0237,CLT-03,300,500,22,30,2.046,2023-07-01,2023-09-30
RAT-0238,CLT-03,500,9999,15,18,2.119,2023-07-01,2023-09-30
RAT-0239,CLT-03,500,9999,18,22,2.137,2023-07-01,2023-09-30
RAT-0240,CLT-03,500,9999,22,30,1.906,2023-07-01,2023-09-30
RAT-0241,CLT-03,0,150,15,18,2.413,2023-10-01,2023-12-31
RAT-0242,CLT-03,0,150,18,22,2.214,2023-10-01,2023-12-31
RAT-0243,CLT-03,0,150,22,30,2.291,2023-10-01,2023-12-31
RAT-0244,CLT-03,150,300,15,18,2.248,2023-10-01,2023-12-31
RAT-0245,CLT-03,150,300,18,22,2.033,2023-10-01,2023-12-31
RAT-0246,CLT-03,150,300,22,30,1.994,2023-10-01,2023-12-31
RAT-0247,CLT-03,300,500,15,18,2.030,2023-10-01,2023-12-31
RAT-0248,CLT-03,300,500,18,22,1.846,2023-10-01,2023-12-31
RAT-0249,CLT-03,300,500,22,30,1.742,2023-10-01,2023-12-31
RAT-0250,CLT-03,500,9999,15,18,1.920,2023-10-01,2023-12-31
RAT-0251,CLT-03,500,9999,18,22,1.760,2023-10-01,2023-12-31
RAT-0252,CLT-03,500,9999,22,30,1.613,2023-10-01,2023-12-31
RAT-0253,CLT-03,0,150,15,18,2.512,2024-01-01,2024-06-30
RAT-0254,CLT-03,0,150,18,22,2.296,2024-01-01,2024-06-30
RAT-0255,CLT-03,0,150,22,30,2.369,2024-01-01,2024-06-30
RAT-0256,CLT-03,150,300,15,18,2.228,2024-01-01,2024-06-30
RAT-0257,CLT-03,150,300,18,22,2.191,2024-01-01,2024-06-30
RAT-0258,CLT-03,150,300,22,30,2.105,2024-01-01,2024-06-30
RAT-0259,CLT-03,300,500,15,18,1.996,2024-01-01,2024-06-30
RAT-0260,CLT-03,300,500,18,22,1.991,2024-01-01,2024-06-30
RAT-0261,CLT-03,300,500,22,30,1.847,2024-01-01,2024-06-30
RAT-0262,CLT-03,500,9999,15,18,1.904,2024-01-01,2024-06-30
RAT-0263,CLT-03,500,9999,18,22,1.763,2024-01-01,2024-06-30
RAT-0264,CLT-03,500,9999,22,30,1.797,2024-01-01,2024-06-30
RAT-0265,CLT-03,0,150,15,18,2.773,2024-07-01,2024-09-30
RAT-0266,CLT-03,0,150,18,22,2.648,2024-07-01,2024-09-30
RAT-0267,CLT-03,0,150,22,30,2.587,2024-07-01,2024-09-30
RAT-0268,CLT-03,150,300,15,18,2.615,2024-07-01,2024-09-30
RAT-0269,CLT-03,150,300,18,22,2.332,2024-07-01,2024-09-30
RAT-0270,CLT-03,150,300,22,30,2.161,2024-07-01,2024-09-30
RAT-0271,CLT-03,300,500,15,18,2.380,2024-07-01,2024-09-30
RAT-0272,CLT-03,300,500,18,22,2.137,2024-07-01,2024-09-30
RAT-0273,CLT-03,300,500,22,30,2.102,2024-07-01,2024-09-30
RAT-0274,CLT-03,500,9999,15,18,2.282,2024-07-01,2024-09-30
RAT-0275,CLT-03,500,9999,18,22,1.964,2024-07-01,2024-09-30
RAT-0276,CLT-03,500,9999,22,30,1.974,2024-07-01,2024-09-30
RAT-0277,CLT-03,0,150,15,18,2.501,2024-10-01,2024-10-31
RAT-0278,CLT-03,0,150,18,22,2.456,2024-10-01,2024-10-31
RAT-0279,CLT-03,0,150,22,30,2.279,2024-10-01,2024-10-31
RAT-0280,CLT-03,150,300,15,18,2.392,2024-10-01,2024-10-31
RAT-0281,CLT-03,150,300,18,22,2.058,2024-10-01,2024-10-31
RAT-0282,CLT-03,150,300,22,30,2.128,2024-10-01,2024-10-31
RAT-0283,CLT-03,300,500,15,18,2.006,2024-10-01,2024-10-31
RAT-0284,CLT-03,300,500,18,22,1.886,2024-10-01,2024-10-31
RAT-0285,CLT-03,300,500,22,30,1.870,2024-10-01,2024-10-31
RAT-0286,CLT-03,500,9999,15,18,1.968,2024-10-01,2024-10-31
RAT-0287,CLT-03,500,9999,18,22,1.915,2024-10-01,2024-10-31
RAT-0288,CLT-03,500,9999,22,30,1.797,2024-10-01,2024-10-31
RAT-0289,CLT-04,0,150,15,18,2.315,2022-07-01,2022-09-30
RAT-0290,CLT-04,0,150,18,22,2.133,2022-07-01,2022-09-30
RAT-0291,CLT-04,0,150,22,30,1.941,2022-07-01,2022-09-30
RAT-0292,CLT-04,150,300,15,18,1.978,2022-07-01,2022-09-30
RAT-0293,CLT-04,150,300,18,22,1.952,2022-07-01,2022-09-30
RAT-0294,CLT-04,150,300,22,30,1.861,2022-07-01,2022-09-30
RAT-0295,CLT-04,300,500,15,18,1.829,2022-07-01,2022-09-30
RAT-0296,CLT-04,300,500,18,22,1.753,2022-07-01,2022-09-30
RAT-0297,CLT-04,300,500,22,30,1.581,2022-07-01,2022-09-30
RAT-0298,CLT-04,500,9999,15,18,1.783,2022-07-01,2022-09-30
RAT-0299,CLT-04,500,9999,18,22,1.623,2022-07-01,2022-09-30
RAT-0300,CLT-04,500,9999,22,30,1.566,2022-07-01,2022-09-30
RAT-0301,CLT-04,0,150,15,18,1.847,2022-10-01,2022-12-31
RAT-0302,CLT-04,0,150,18,22,1.801,2022-10-01,2022-12-31
RAT-0303,CLT-04,0,150,22,30,1.706,2022-10-01,2022-12-31
RAT-0304,CLT-04,150,300,15,18,1.636,2022-10-01,2022-12-31
RAT-0305,CLT-04,150,300,18,22,1.610,2022-10-01,2022-12-31
RAT-0306,CLT-04,150,300,22,30,1.496,2022-10-01,2022-12-31
RAT-0307,CLT-04,300,500,15,18,1.569,2022-10-01,2022-12-31
RAT-0308,CLT-04,300,500,18,22,1.414,2022-10-01,2022-12-31
RAT-0309,CLT-04,300,500,22,30,1.402,2022-10-01,2022-12-31
RAT-0310,CLT-04,500,9999,15,18,1.439,2022-10-01,2022-12-31
RAT-0311,CLT-04,500,9999,18,22,1.420,2022-10-01,2022-12-31
RAT-0312,CLT-04,500,9999,22,30,1.279,2022-10-01,2022-12-31
RAT-0313,CLT-04,0,150,15,18,2.044,2023-01-01,2023-06-30
RAT-0314,CLT-04,0,150,18,22,2.035,2023-01-01,2023-06-30
RAT-0315,CLT-04,0,150,22,30,1.920,2023-01-01,2023-06-30
RAT-0316,CLT-04,150,300,15,18,1.857,2023-01-01,2023-06-30
RAT-0317,CLT-04,150,300,18,22,1.763,2023-01-01,2023-06-30
RAT-0318,CLT-04,150,300,22,30,1.725,2023-01-01,2023-06-30
RAT-0319,CLT-04,300,500,15,18,1.717,2023-01-01,2023-06-30
RAT-0320,CLT-04,300,500,18,22,1.685,2023-01-01,2023-06-30
RAT-0321,CLT-04,300,500,22,30,1.631,2023-01-01,2023-06-30
RAT-0322,CLT-04,500,9999,15,18,1.666,2023-01-01,2023-06-30
RAT-0323,CLT-04,500,9999,18,22,1.564,2023-01-01,2023-06-30
RAT-0324,CLT-04,500,9999,22,30,1.430,2023-01-01,2023-06-30
RAT-0325,CLT-04,0,150,15,18,2.559,2023-07-01,2023-09-30
RAT-0326,CLT-04,0,150,18,22,2.395,2023-07-01,2023-09-30
RAT-0327,CLT-04,0,150,22,30,2.181,2023-07-01,2023-09-30
RAT-0328,CLT-04,150,300,15,18,2.364,2023-07-01,2023-09-30
RAT-0329,CLT-04,150,300,18,22,2.066,2023-07-01,2023-09-30
RAT-0330,CLT-04,150,300,22,30,1.990,2023-07-01,2023-09-30
RAT-0331,CLT-04,300,500,15,18,2.115,2023-07-01,2023-09-30
RAT-0332,CLT-04,300,500,18,22,1.889,2023-07-01,2023-09-30
RAT-0333,CLT-04,300,500,22,30,1.781,2023-07-01,2023-09-30
RAT-0334,CLT-04,500,9999,15,18,2.041,2023-07-01,2023-09-30
RAT-0335,CLT-04,500,9999,18,22,1.862,2023-07-01,2023-09-30
RAT-0336,CLT-04,500,9999,22,30,1.796,2023-07-01,2023-09-30
RAT-0337,CLT-04,0,150,15,18,2.151,2023-10-01,2023-12-31
RAT-0338,CLT-04,0,150,18,22,2.109,2023-10-01,2023-12-31
RAT-0339,CLT-04,0,150,22,30,1.966,2023-10-01,2023-12-31
RAT-0340,CLT-04,150,300,15,18,1.983,2023-10-01,2023-12-31
RAT-0341,CLT-04,150,300,18,22,1.800,2023-10-01,2023-12-31
RAT-0342,CLT-04,150,300,22,30,1.723,2023-10-01,2023-12-31
RAT-0343,CLT-04,300,500,15,18,1.699,2023-10-01,2023-12-31
RAT-0344,CLT-04,300,500,18,22,1.712,2023-10-01,2023-12-31
RAT-0345,CLT-04,300,500,22,30,1.664,2023-10-01,2023-12-31
RAT-0346,CLT-04,500,9999,15,18,1.731,2023-10-01,2023-12-31
RAT-0347,CLT-04,500,9999,18,22,1.642,2023-10-01,2023-12-31
RAT-0348,CLT-04,500,9999,22,30,1.543,2023-10-01,2023-12-31
RAT-0349,CLT-04,0,150,15,18,2.173,2024-01-01,2024-06-30
RAT-0350,CLT-04,0,150,18,22,2.166,2024-01-01,2024-06-30
RAT-0351,CLT-04,0,150,22,30,2.058,2024-01-01,2024-06-30
RAT-0352,CLT-04,150,300,15,18,2.001,2024-01-01,2024-06-30
RAT-0353,CLT-04,150,300,18,22,1.895,2024-01-01,2024-06-30
RAT-0354,CLT-04,150,300,22,30,1.877,2024-01-01,2024-06-30
RAT-0355,CLT-04,300,500,15,18,1.753,2024-01-01,2024-06-30
RAT-0356,CLT-04,300,500,18,22,1.676,2024-01-01,2024-06-30
RAT-0357,CLT-04,300,500,22,30,1.651,2024-01-01,2024-06-30
RAT-0358,CLT-04,500,9999,15,18,1.734,2024-01-01,2024-06-30
RAT-0359,CLT-04,500,9999,18,22,1.645,2024-01-01,2024-06-30
RAT-0360,CLT-04,500,9999,22,30,1.525,2024-01-01,2024-06-30
RAT-0361,CLT-04,0,150,15,18,2.563,2024-07-01,2024-09-30
RAT-0362,CLT-04,0,150,18,22,2.335,2024-07-01,2024-09-30
RAT-0363,CLT-04,0,150,22,30,2.327,2024-07-01,2024-09-30
RAT-0364,CLT-04,150,300,15,18,2.333,2024-07-01,2024-09-30
RAT-0365,CLT-04,150,300,18,22,2.090,2024-07-01,2024-09-30
RAT-0366,CLT-04,150,300,22,30,2.095,2024-07-01,2024-09-30
RAT-0367,CLT-04,300,500,15,18,2.025,2024-07-01,2024-09-30
RAT-0368,CLT-04,300,500,18,22,1.878,2024-07-01,2024-09-30
RAT-0369,CLT-04,300,500,22,30,1.918,2024-07-01,2024-09-30
RAT-0370,CLT-04,500,9999,15,18,1.923,2024-07-01,2024-09-30
RAT-0371,CLT-04,500,9999,18,22,1.874,2024-07-01,2024-09-30
RAT-0372,CLT-04,500,9999,22,30,1.795,2024-07-01,2024-09-30
RAT-0373,CLT-04,0,150,15,18,2.205,2024-10-01,2024-10-31
RAT-0374,CLT-04,0,150,18,22,2.178,2024-10-01,2024-10-31
RAT-0375,CLT-04,0,150,22,30,2.033,2024-10-01,2024-10-31
RAT-0376,CLT-04,150,300,15,18,1.973,2024-10-01,2024-10-31
RAT-0377,CLT-04,150,300,18,22,1.889,2024-10-01,2024-10-31
RAT-0378,CLT-04,150,300,22,30,1.855,2024-10-01,2024-10-31
RAT-0379,CLT-04,300,500,15,18,1.789,2024-10-01,2024-10-31
RAT-0380,CLT-04,300,500,18,22,1.725,2024-10-01,2024-10-31
RAT-0381,CLT-04,300,500,22,30,1.736,2024-10-01,2024-10-31
RAT-0382,CLT-04,500,9999,15,18,1.670,2024-10-01,2024-10-31
RAT-0383,CLT-04,500,9999,18,22,1.592,2024-10-01,2024-10-31
RAT-0384,CLT-04,500,9999,22,30,1.548,2024-10-01,2024-10-31
RAT-0385,CLT-05,0,150,15,18,2.903,2022-07-01,2022-09-30
RAT-0386,CLT-05,0,150,18,22,2.746,2022-07-01,2022-09-30
RAT-0387,CLT-05,0,150,22,30,2.692,2022-07-01,2022-09-30
RAT-0388,CLT-05,150,300,15,18,2.656,2022-07-01,2022-09-30
RAT-0389,CLT-05,150,300,18,22,2.526,2022-07-01,2022-09-30
RAT-0390,CLT-05,0,150,15,18,2.437,2022-10-01,2022-12-31
RAT-0391,CLT-05,0,150,18,22,2.475,2022-10-01,2022-12-31
RAT-0392,CLT-05,0,150,22,30,2.276,2022-10-01,2022-12-31
RAT-0393,CLT-05,150,300,15,18,2.351,2022-10-01,2022-12-31
RAT-0394,CLT-05,150,300,18,22,2.243,2022-10-01,2022-12-31
RAT-0395,CLT-05,0,150,15,18,2.717,2023-01-01,2023-06-30
RAT-0396,CLT-05,0,150,18,22,2.785,2023-01-01,2023-06-30
RAT-0397,CLT-05,0,150,22,30,2.597,2023-01-01,2023-06-30
RAT-0398,CLT-05,150,300,15,18,2.558,2023-01-01,2023-06-30
RAT-0399,CLT-05,150,300,18,22,2.512,2023-01-01,2023-06-30
RAT-0400,CLT-05,0,150,15,18,3.347,2023-07-01,2023-09-30
RAT-0401,CLT-05,0,150,18,22,3.175,2023-07-01,2023-09-30
RAT-0402,CLT-05,0,150,22,30,3.204,2023-07-01,2023-09-30
RAT-0403,CLT-05,150,300,15,18,3.171,2023-07-01,2023-09-30
RAT-0404,CLT-05,150,300,18,22,2.889,2023-07-01,2023-09-30
RAT-0405,CLT-05,0,150,15,18,3.000,2023-10-01,2023-12-31
RAT-0406,CLT-05,0,150,18,22,2.837,2023-10-01,2023-12-31
RAT-0407,CLT-05,0,150,22,30,2.751,2023-10-01,2023-12-31
RAT-0408,CLT-05,150,300,15,18,2.629,2023-10-01,2023-12-31
RAT-0409,CLT-05,150,300,18,22,2.414,2023-10-01,2023-12-31
RAT-0410,CLT-05,0,150,15,18,3.029,2024-01-01,2024-06-30
RAT-0411,CLT-05,0,150,18,22,2.819,2024-01-01,2024-06-30
RAT-0412,CLT-05,0,150,22,30,2.784,2024-01-01,2024-06-30
RAT-0413,CLT-05,150,300,15,18,2.805,2024-01-01,2024-06-30
RAT-0414,CLT-05,150,300,18,22,2.613,2024-01-01,2024-06-30
RAT-0415,CLT-05,0,150,15,18,3.505,2024-07-01,2024-09-30
RAT-0416,CLT-05,0,150,18,22,3.320,2024-07-01,2024-09-30
RAT-0417,CLT-05,0,150,22,30,3.207,2024-07-01,2024-09-30
RAT-0418,CLT-05,150,300,15,18,3.055,2024-07-01,2024-09-30
RAT-0419,CLT-05,150,300,18,22,2.973,2024-07-01,2024-09-30
RAT-0420,CLT-05,0,150,15,18,3.087,2024-10-01,2024-10-31
RAT-0421,CLT-05,0,150,18,22,2.921,2024-10-01,2024-10-31
RAT-0422,CLT-05,0,150,22,30,2.646,2024-10-01,2024-10-31
RAT-0423,CLT-05,150,300,15,18,2.727,2024-10-01,2024-10-31
RAT-0424,CLT-05,150,300,18,22,2.672,2024-10-01,2024-10-31
RAT-0425,CLT-06,0,150,15,18,2.714,2022-07-01,2022-09-30
RAT-0426,CLT-06,0,150,18,22,2.572,2022-07-01,2022-09-30
RAT-0427,CLT-06,0,150,22,30,2.487,2022-07-01,2022-09-30
RAT-0428,CLT-06,150,300,15,18,2.507,2022-07-01,2022-09-30
RAT-0429,CLT-06,150,300,18,22,2.324,2022-07-01,2022-09-30
RAT-0430,CLT-06,150,300,22,30,2.344,2022-07-01,2022-09-30
RAT-0431,CLT-06,300,500,15,18,2.234,2022-07-01,2022-09-30
RAT-0432,CLT-06,300,500,18,22,2.279,2022-07-01,2022-09-30
RAT-0433,CLT-06,300,500,22,30,2.061,2022-07-01,2022-09-30
RAT-0434,CLT-06,500,9999,15,18,2.240,2022-07-01,2022-09-30
RAT-0435,CLT-06,500,9999,18,22,2.045,2022-07-01,2022-09-30
RAT-0436,CLT-06,500,9999,22,30,1.995,2022-07-01,2022-09-30
RAT-0437,CLT-06,0,150,15,18,2.270,2022-10-01,2022-12-31
RAT-0438,CLT-06,0,150,18,22,2.334,2022-10-01,2022-12-31
RAT-0439,CLT-06,0,150,22,30,2.086,2022-10-01,2022-12-31
RAT-0440,CLT-06,150,300,15,18,2.042,2022-10-01,2022-12-31
RAT-0441,CLT-06,150,300,18,22,2.094,2022-10-01,2022-12-31
RAT-0442,CLT-06,150,300,22,30,1.826,2022-10-01,2022-12-31
RAT-0443,CLT-06,300,500,15,18,1.845,2022-10-01,2022-12-31
RAT-0444,CLT-06,300,500,18,22,1.801,2022-10-01,2022-12-31
RAT-0445,CLT-06,300,500,22,30,1.820,2022-10-01,2022-12-31
RAT-0446,CLT-06,500,9999,15,18,1.859,2022-10-01,2022-12-31
RAT-0447,CLT-06,500,9999,18,22,1.693,2022-10-01,2022-12-31
RAT-0448,CLT-06,500,9999,22,30,1.646,2022-10-01,2022-12-31
RAT-0449,CLT-06,0,150,15,18,2.559,2023-01-01,2023-06-30
RAT-0450,CLT-06,0,150,18,22,2.613,2023-01-01,2023-06-30
RAT-0451,CLT-06,0,150,22,30,2.394,2023-01-01,2023-06-30
RAT-0452,CLT-06,150,300,15,18,2.332,2023-01-01,2023-06-30
RAT-0453,CLT-06,150,300,18,22,2.213,2023-01-01,2023-06-30
RAT-0454,CLT-06,150,300,22,30,2.166,2023-01-01,2023-06-30
RAT-0455,CLT-06,300,500,15,18,2.269,2023-01-01,2023-06-30
RAT-0456,CLT-06,300,500,18,22,2.115,2023-01-01,2023-06-30
RAT-0457,CLT-06,300,500,22,30,2.026,2023-01-01,2023-06-30
RAT-0458,CLT-06,500,9999,15,18,1.988,2023-01-01,2023-06-30
RAT-0459,CLT-06,500,9999,18,22,1.910,2023-01-01,2023-06-30
RAT-0460,CLT-06,500,9999,22,30,1.863,2023-01-01,2023-06-30
RAT-0461,CLT-06,0,150,15,18,3.320,2023-07-01,2023-09-30
RAT-0462,CLT-06,0,150,18,22,3.015,2023-07-01,2023-09-30
RAT-0463,CLT-06,0,150,22,30,2.992,2023-07-01,2023-09-30
RAT-0464,CLT-06,150,300,15,18,2.824,2023-07-01,2023-09-30
RAT-0465,CLT-06,150,300,18,22,2.801,2023-07-01,2023-09-30
RAT-0466,CLT-06,150,300,22,30,2.487,2023-07-01,2023-09-30
RAT-0467,CLT-06,300,500,15,18,2.618,2023-07-01,2023-09-30
RAT-0468,CLT-06,300,500,18,22,2.558,2023-07-01,2023-09-30
RAT-0469,CLT-06,300,500,22,30,2.298,2023-07-01,2023-09-30
RAT-0470,CLT-06,500,9999,15,18,2.510,2023-07-01,2023-09-30
RAT-0471,CLT-06,500,9999,18,22,2.283,2023-07-01,2023-09-30
RAT-0472,CLT-06,500,9999,22,30,2.252,2023-07-01,2023-09-30
RAT-0473,CLT-06,0,150,15,18,2.816,2023-10-01,2023-12-31
RAT-0474,CLT-06,0,150,18,22,2.644,2023-10-01,2023-12-31
RAT-0475,CLT-06,0,150,22,30,2.483,2023-10-01,2023-12-31
RAT-0476,CLT-06,150,300,15,18,2.341,2023-10-01,2023-12-31
RAT-0477,CLT-06,150,300,18,22,2.310,2023-10-01,2023-12-31
RAT-0478,CLT-06,150,300,22,30,2.237,2023-10-01,2023-12-31
RAT-0479,CLT-06,300,500,15,18,2.130,2023-10-01,2023-12-31
RAT-0480,CLT-06,300,500,18,22,2.157,2023-10-01,2023-12-31
RAT-0481,CLT-06,300,500,22,30,1.925,2023-10-01,2023-12-31
RAT-0482,CLT-06,500,9999,15,18,2.096,2023-10-01,2023-12-31
RAT-0483,CLT-06,500,9999,18,22,1.997,2023-10-01,2023-12-31
RAT-0484,CLT-06,500,9999,22,30,1.885,2023-10-01,2023-12-31
RAT-0485,CLT-06,0,150,15,18,2.788,2024-01-01,2024-06-30
RAT-0486,CLT-06,0,150,18,22,2.761,2024-01-01,2024-06-30
RAT-0487,CLT-06,0,150,22,30,2.542,2024-01-01,2024-06-30
RAT-0488,CLT-06,150,300,15,18,2.451,2024-01-01,2024-06-30
RAT-0489,CLT-06,150,300,18,22,2.305,2024-01-01,2024-06-30
RAT-0490,CLT-06,150,300,22,30,2.283,2024-01-01,2024-06-30
RAT-0491,CLT-06,300,500,15,18,2.339,2024-01-01,2024-06-30
RAT-0492,CLT-06,300,500,18,22,2.225,2024-01-01,2024-06-30
RAT-0493,CLT-06,300,500,22,30,2.182,2024-01-01,2024-06-30
RAT-0494,CLT-06,500,9999,15,18,2.246,2024-01-01,2024-06-30
RAT-0495,CLT-06,500,9999,18,22,2.061,2024-01-01,2024-06-30
RAT-0496,CLT-06,500,9999,22,30,2.027,2024-01-01,2024-06-30
RAT-0497,CLT-06,0,150,15,18,3.189,2024-07-01,2024-09-30
RAT-0498,CLT-06,0,150,18,22,2.917,2024-07-01,2024-09-30
RAT-0499,CLT-06,0,150,22,30,2.780,2024-07-01,2024-09-30
RAT-0500,CLT-06,150,300,15,18,2.962,2024-07-01,2024-09-30
RAT-0501,CLT-06,150,300,18,22,2.604,2024-07-01,2024-09-30
RAT-0502,CLT-06,150,300,22,30,2.533,2024-07-01,2024-09-30
RAT-0503,CLT-06,300,500,15,18,2.639,2024-07-01,2024-09-30
RAT-0504,CLT-06,300,500,18,22,2.475,2024-07-01,2024-09-30
RAT-0505,CLT-06,300,500,22,30,2.380,2024-07-01,2024-09-30
RAT-0506,CLT-06,500,9999,15,18,2.403,2024-07-01,2024-09-30
RAT-0507,CLT-06,500,9999,18,22,2.310,2024-07-01,2024-09-30
RAT-0508,CLT-06,500,9999,22,30,2.156,2024-07-01,2024-09-30
RAT-0509,CLT-06,0,150,15,18,2.848,2024-10-01,2024-10-31
RAT-0510,CLT-06,0,150,18,22,2.641,2024-10-01,2024-10-31
RAT-0511,CLT-06,0,150,22,30,2.512,2024-10-01,2024-10-31
RAT-0512,CLT-06,150,300,15,18,2.504,2024-10-01,2024-10-31
RAT-0513,CLT-06,150,300,18,22,2.426,2024-10-01,2024-10-31
RAT-0514,CLT-06,150,300,22,30,2.384,2024-10-01,2024-10-31
RAT-0515,CLT-06,300,500,15,18,2.336,2024-10-01,2024-10-31
RAT-0516,CLT-06,300,500,18,22,2.221,2024-10-01,2024-10-31
RAT-0517,CLT-06,300,500,22,30,2.047,2024-10-01,2024-10-31
RAT-0518,CLT-06,500,9999,15,18,2.147,2024-10-01,2024-10-31
RAT-0519,CLT-06,500,9999,18,22,2.066,2024-10-01,2024-10-31
RAT-0520,CLT-06,500,9999,22,30,1.991,2024-10-01,2024-10-31
RAT-0521,CLT-07,0,150,15,18,1.936,2022-07-01,2022-09-30
RAT-0522,CLT-07,0,150,18,22,1.864,2022-07-01,2022-09-30
RAT-0523,CLT-07,0,150,22,30,1.833,2022-07-01,2022-09-30
RAT-0524,CLT-07,150,300,15,18,1.776,2022-07-01,2022-09-30
RAT-0525,CLT-07,150,300,18,22,1.594,2022-07-01,2022-09-30
RAT-0526,CLT-07,0,150,15,18,2.211,2023-07-01,2023-09-30
RAT-0527,CLT-07,0,150,18,22,2.101,2023-07-01,2023-09-30
RAT-0528,CLT-07,0,150,22,30,1.986,2023-07-01,2023-09-30
RAT-0529,CLT-07,150,300,15,18,2.061,2023-07-01,2023-09-30
RAT-0530,CLT-07,150,300,18,22,1.877,2023-07-01,2023-09-30
RAT-0531,CLT-07,0,150,15,18,2.253,2024-07-01,2024-09-30
RAT-0532,CLT-07,0,150,18,22,2.073,2024-07-01,2024-09-30
RAT-0533,CLT-07,0,150,22,30,2.123,2024-07-01,2024-09-30
RAT-0534,CLT-07,150,300,15,18,2.023,2024-07-01,2024-09-30
RAT-0535,CLT-07,150,300,18,22,1.860,2024-07-01,2024-09-30
RAT-0536,CLT-08,0,150,15,18,2.030,2022-07-01,2022-09-30
RAT-0537,CLT-08,0,150,18,22,1.879,2022-07-01,2022-09-30
RAT-0538,CLT-08,0,150,22,30,1.791,2022-07-01,2022-09-30
RAT-0539,CLT-08,150,300,15,18,1.872,2022-07-01,2022-09-30
RAT-0540,CLT-08,150,300,18,22,1.686,2022-07-01,2022-09-30
RAT-0541,CLT-08,0,150,15,18,2.372,2023-07-01,2023-09-30
RAT-0542,CLT-08,0,150,18,22,2.274,2023-07-01,2023-09-30
RAT-0543,CLT-08,0,150,22,30,2.130,2023-07-01,2023-09-30
RAT-0544,CLT-08,150,300,15,18,2.016,2023-07-01,2023-09-30
RAT-0545,CLT-08,150,300,18,22,1.998,2023-07-01,2023-09-30
RAT-0546,CLT-08,0,150,15,18,2.247,2024-07-01,2024-09-30
RAT-0547,CLT-08,0,150,18,22,2.179,2024-07-01,2024-09-30
RAT-0548,CLT-08,0,150,22,30,2.129,2024-07-01,2024-09-30
RAT-0549,CLT-08,150,300,15,18,2.084,2024-07-01,2024-09-30
RAT-0550,CLT-08,150,300,18,22,2.030,2024-07-01,2024-09-30
RAT-0551,CLT-09,0,150,15,18,2.081,2022-07-01,2022-09-30
RAT-0552,CLT-09,0,150,18,22,1.854,2022-07-01,2022-09-30
RAT-0553,CLT-09,0,150,22,30,1.793,2022-07-01,2022-09-30
RAT-0554,CLT-09,150,300,15,18,1.773,2022-07-01,2022-09-30
RAT-0555,CLT-09,150,300,18,22,1.732,2022-07-01,2022-09-30
RAT-0556,CLT-09,0,150,15,18,2.201,2023-07-01,2023-09-30
RAT-0557,CLT-09,0,150,18,22,2.051,2023-07-01,2023-09-30
RAT-0558,CLT-09,0,150,22,30,1.972,2023-07-01,2023-09-30
RAT-0559,CLT-09,150,300,15,18,2.011,2023-07-01,2023-09-30
RAT-0560,CLT-09,150,300,18,22,2.012,2023-07-01,2023-09-30
RAT-0561,CLT-09,0,150,15,18,2.301,2024-07-01,2024-09-30
RAT-0562,CLT-09,0,150,18,22,2.187,2024-07-01,2024-09-30
RAT-0563,CLT-09,0,150,22,30,1.967,2024-07-01,2024-09-30
RAT-0564,CLT-09,150,300,15,18,1.939,2024-07-01,2024-09-30
RAT-0565,CLT-09,150,300,18,22,1.871,2024-07-01,2024-09-30
RAT-0566,CLT-10,0,150,15,18,1.958,2022-07-01,2022-09-30
RAT-0567,CLT-10,0,150,18,22,1.815,2022-07-01,2022-09-30
RAT-0568,CLT-10,0,150,22,30,1.854,2022-07-01,2022-09-30
RAT-0569,CLT-10,150,300,15,18,1.719,2022-07-01,2022-09-30
RAT-0570,CLT-10,150,300,18,22,1.713,2022-07-01,2022-09-30
RAT-0571,CLT-10,0,150,15,18,2.143,2023-07-01,2023-09-30
RAT-0572,CLT-10,0,150,18,22,2.004,2023-07-01,2023-09-30
RAT-0573,CLT-10,0,150,22,30,2.010,2023-07-01,2023-09-30
RAT-0574,CLT-10,150,300,15,18,2.017,2023-07-01,2023-09-30
RAT-0575,CLT-10,150,300,18,22,1.913,2023-07-01,2023-09-30
RAT-0576,CLT-10,0,150,15,18,2.135,2024-07-01,2024-09-30
RAT-0577,CLT-10,0,150,18,22,2.144,2024-07-01,2024-09-30
RAT-0578,CLT-10,0,150,22,30,2.087,2024-07-01,2024-09-30
RAT-0579,CLT-10,150,300,15,18,1.904,2024-07-01,2024-09-30
RAT-0580,CLT-10,150,300,18,22,1.817,2024-07-01,2024-09-30
RAT-0581,CLT-11,0,150,15,18,2.102,2022-07-01,2022-09-30
RAT-0582,CLT-11,0,150,18,22,1.948,2022-07-01,2022-09-30
RAT-0583,CLT-11,0,150,22,30,1.905,2022-07-01,2022-09-30
RAT-0584,CLT-11,150,300,15,18,1.899,2022-07-01,2022-09-30
RAT-0585,CLT-11,150,300,18,22,1.810,2022-07-01,2022-09-30
RAT-0586,CLT-11,150,300,22,30,1.663,2022-07-01,2022-09-30
RAT-0587,CLT-11,300,500,15,18,1.773,2022-07-01,2022-09-30
RAT-0588,CLT-11,300,500,18,22,1.593,2022-07-01,2022-09-30
RAT-0589,CLT-11,300,500,22,30,1.562,2022-07-01,2022-09-30
RAT-0590,CLT-11,500,9999,15,18,1.604,2022-07-01,2022-09-30
RAT-0591,CLT-11,500,9999,18,22,1.539,2022-07-01,2022-09-30
RAT-0592,CLT-11,500,9999,22,30,1.388,2022-07-01,2022-09-30
RAT-0593,CLT-11,0,150,15,18,2.483,2023-07-01,2023-09-30
RAT-0594,CLT-11,0,150,18,22,2.141,2023-07-01,2023-09-30
RAT-0595,CLT-11,0,150,22,30,2.199,2023-07-01,2023-09-30
RAT-0596,CLT-11,150,300,15,18,2.158,2023-07-01,2023-09-30
RAT-0597,CLT-11,150,300,18,22,1.953,2023-07-01,2023-09-30
RAT-0598,CLT-11,150,300,22,30,1.832,2023-07-01,2023-09-30
RAT-0599,CLT-11,300,500,15,18,1.884,2023-07-01,2023-09-30
RAT-0600,CLT-11,300,500,18,22,1.856,2023-07-01,2023-09-30
RAT-0601,CLT-11,300,500,22,30,1.698,2023-07-01,2023-09-30
RAT-0602,CLT-11,500,9999,15,18,1.818,2023-07-01,2023-09-30
RAT-0603,CLT-11,500,9999,18,22,1.769,2023-07-01,2023-09-30
RAT-0604,CLT-11,500,9999,22,30,1.643,2023-07-01,2023-09-30
RAT-0605,CLT-11,0,150,15,18,2.246,2024-07-01,2024-09-30
RAT-0606,CLT-11,0,150,18,22,2.167,2024-07-01,2024-09-30
RAT-0607,CLT-11,0,150,22,30,2.080,2024-07-01,2024-09-30
RAT-0608,CLT-11,150,300,15,18,2.192,2024-07-01,2024-09-30
RAT-0609,CLT-11,150,300,18,22,1.900,2024-07-01,2024-09-30
RAT-0610,CLT-11,150,300,22,30,1.847,2024-07-01,2024-09-30
RAT-0611,CLT-11,300,500,15,18,1.874,2024-07-01,2024-09-30
RAT-0612,CLT-11,300,500,18,22,1.886,2024-07-01,2024-09-30
RAT-0613,CLT-11,300,500,22,30,1.761,2024-07-01,2024-09-30
RAT-0614,CLT-11,500,9999,15,18,1.877,2024-07-01,2024-09-30
RAT-0615,CLT-11,500,9999,18,22,1.671,2024-07-01,2024-09-30
RAT-0616,CLT-11,500,9999,22,30,1.573,2024-07-01,2024-09-30
